{
  "framework_name": "TSMessages.framework",
  "static_framework": false,
  "resources": [
    "${PODS_ROOT}/TSMessages/Pod/Assets/NotificationBackgroundError.png",
    "${PODS_ROOT}/TSMessages/Pod/Assets/NotificationBackgroundError@2x.png",
    "${PODS_ROOT}/TSMessages/Pod/Assets/NotificationBackgroundErrorIcon.png",
    "${PODS_ROOT}/TSMessages/Pod/Assets/NotificationBackgroundErrorIcon@2x.png",
    "${PODS_ROOT}/TSMessages/Pod/Assets/NotificationBackgroundMessage.png",
    "${PODS_ROOT}/TSMessages/Pod/Assets/NotificationBackgroundMessage@2x.png",
    "${PODS_ROOT}/TSMessages/Pod/Assets/NotificationBackgroundSuccess.png",
    "${PODS_ROOT}/TSMessages/Pod/Assets/NotificationBackgroundSuccess@2x.png",
    "${PODS_ROOT}/TSMessages/Pod/Assets/NotificationBackgroundSuccessIcon.png",
    "${PODS_ROOT}/TSMessages/Pod/Assets/NotificationBackgroundSuccessIcon@2x.png",
    "${PODS_ROOT}/TSMessages/Pod/Assets/NotificationBackgroundWarning.png",
    "${PODS_ROOT}/TSMessages/Pod/Assets/NotificationBackgroundWarning@2x.png",
    "${PODS_ROOT}/TSMessages/Pod/Assets/NotificationBackgroundWarningIcon.png",
    "${PODS_ROOT}/TSMessages/Pod/Assets/NotificationBackgroundWarningIcon@2x.png",
    "${PODS_ROOT}/TSMessages/Pod/Assets/NotificationButtonBackground.png",
    "${PODS_ROOT}/TSMessages/Pod/Assets/NotificationButtonBackground@2x.png",
    "${PODS_ROOT}/TSMessages/Pod/Assets/TSMessagesDefaultDesign.json"
  ],
  "resource_bundles": [

  ],
  "build_settings": {
    "CODE_SIGNING_ALLOWED": "NO",
    "CODE_SIGN_IDENTITY[sdk=appletvos*]": "",
    "CODE_SIGN_IDENTITY[sdk=iphoneos*]": "",
    "CODE_SIGN_IDENTITY[sdk=watchos*]": "",
    "CURRENT_PROJECT_VERSION": "1",
    "DEFINES_MODULE": "YES",
    "DYLIB_COMPATIBILITY_VERSION": "1",
    "DYLIB_CURRENT_VERSION": "1",
    "DYLIB_INSTALL_NAME_BASE": "@rpath",
    "GCC_PREFIX_HEADER": "Target Support Files/TSMessages/TSMessages-prefix.pch",
    "INFOPLIST_FILE": "Target Support Files/TSMessages/TSMessages-Info.plist",
    "INSTALL_PATH": "$(LOCAL_LIBRARY_DIR)/Frameworks",
    "IPHONEOS_DEPLOYMENT_TARGET": "8.0",
    "LD_RUNPATH_SEARCH_PATHS": [
      "$(inherited)",
      "@executable_path/Frameworks",
      "@loader_path/Frameworks"
    ],
    "MODULEMAP_FILE": "Target Support Files/TSMessages/TSMessages.modulemap",
    "PRODUCT_MODULE_NAME": "TSMessages",
    "PRODUCT_NAME": "TSMessages",
    "SDKROOT": "iphoneos",
    "SKIP_INSTALL": "YES",
    "SWIFT_ACTIVE_COMPILATION_CONDITIONS": "$(inherited) ",
    "SWIFT_VERSION": "5.0",
    "TARGETED_DEVICE_FAMILY": "1,2",
    "VERSIONING_SYSTEM": "apple-generic",
    "VERSION_INFO_PREFIX": ""
  },
  "source_hash": null,
  "project_root": "/Users/wuyilei/wu/work/project"
}